"FIPS","Qualifying Name","File identification","State Postal Abbreviation","Summary Level","Geographic Component","Logical Record Number","US","Census Region","Census Division","State (Census Code)","State (FIPS Code)","County of current residence","County Subdivision (FIPS)","Place (FIPS Code)","Census Tract","Block Group","Consolidated City","American Indian Area/AlaskaNative Area/ Hawaiian Home Land(Census)","American Indian Area/AlaskaNative Area/ Hawaiian Home Land(FIPS)","American Indian Trust Land/Hawaiian Home Land Indicator","American Indian TribalSubdivision (Census)","American Indian TribalSubdivision (FIPS)","Alaska Native RegionalCorporation (FIPS)","Metropolitan and MicropolitanStatistical Area","Combined Statistical Area","Metropolitan Statistical Area-Metropolitan Division","Metropolitan Area Central City","Metropolitan/MicropolitanIndicator Flag","New England City and Town Area","New England City and TownCombined Statistical Area","New England City and Town AreaDivision","Urban Area","Urban Area Central Place","Current Congressional District ***","State Legislative District Upper","State Legislative District Lower","Voting District","ZIP Code Tabulation Area (3-digit)","5-digit ZIP Code Tabulation Area","Subminor Civil Division (FIPS)","State-School District (Elementary)","State-School District (Secondary)","State-School District (Unified)","Urban/Rural","Principal City Indicator","Traffic Analysis Zone","Urban Growth Area","Public Use Microdata Area â€“ 5%File","Public Use Microdata Area - 1% File","Geographic Identifier","Area Name","Tribal Tract","Tribal Block Group","Place (State FIPS + Place FIPS)","Housing Units","Total:","Total: No Health Insurance Coverage","Total: with Health Insurance Coverage","Total: with Health Insurance Coverage: Public Health Coverage","Total: with Health Insurance Coverage: Private Health Insurance","Owner-Occupied Housing Units","Families:","Families: Income Below Poverty Level","Families: Income Below Poverty Level: Married Couple Family: with Related Child Living  Below Poverty Level","Families: Income Below Poverty Level: Married Couple Family: No Related Children Under 18 Years","Families: Income Below Poverty Level: Male Householder, No Wife Present","Families: Income Below Poverty Level: Male Householder, No Wife Present: with Related Children Under 18 Years","Families: Income Below Poverty Level: Male Householder, No Wife Present: No Related Children Under 18 Years","Families: Income Below Poverty Level: Female Householder, No Husband Present","Families: Income Below Poverty Level: Female Householder, No Husband Present: with Related Children Under 18 Years","Families: Income Below Poverty Level: Female Householder, No Husband Present: No Related Children Under 18 Years","Families: Income At or Above Poverty Level","Total Population","Population Density (Per Sq. Mile)","Area (Land)","Median Household Income (In 2021 Inflation Adjusted Dollars)","Total Population","Total Population: Not Hispanic or Latino","Total Population: Not Hispanic or Latino: White Alone","Total Population: Not Hispanic or Latino: Black or African American Alone","Total Population: Not Hispanic or Latino: American Indian and Alaska Native Alone","Total Population: Not Hispanic or Latino: Asian Alone","Total Population: Not Hispanic or Latino: Native Hawaiian and Other Pacific Islander Alone","Total Population: Not Hispanic or Latino: Some Other Race Alone","Total Population: Not Hispanic or Latino: Two or More Races","Total Population: Hispanic or Latino","Total Population","Total","Total: Living In Household With Supplemental Security Income (Ssi) Cash Public Assistance Income Or Food Stamps/Snap In The Past 12 Months","Total: Living In Household With Supplemental Security Income (Ssi) Cash Public Assistance Income Or Food Stamps/Snap In The Past 12 Months: In Family Households","Total: Living In Household With Supplemental Security Income (Ssi) Cash Public Assistance Income Or Food Stamps/Snap In The Past 12 Months: In Family Households: In Married-Couple Family","Total: Living In Household With Supplemental Security Income (Ssi) Cash Public Assistance Income Or Food Stamps/Snap In The Past 12 Months: In Family Households: In Male Householder No Spouse Present Family","Total: Living In Household With Supplemental Security Income (Ssi) Cash Public Assistance Income Or Food Stamps/Snap In The Past 12 Months: In Family Households: In Female Householder No Spouse Present Family","Total:  In Nonfamily Households","Total: Living In Household With No Supplemental Security Income (Ssi) Cash Public Assistance Income Or Food Stamps/Snap In The Past 12 Months","Total: Living In Household With No Supplemental Security Income (Ssi) Cash Public Assistance Income Or Food Stamps/Snap In The Past 12 Months: In Family Households","Total: Living In Household With No Supplemental Security Income (Ssi) Cash Public Assistance Income Or Food Stamps/Snap In The Past 12 Months: In Family Households: In Married-Couple Family","Total: Living In Household With No Supplemental Security Income (Ssi) Cash Public Assistance Income Or Food Stamps/Snap In The Past 12 Months: In Family Households: In Male Householder No Spouse Present Family","Total: Living In Household With No Supplemental Security Income (Ssi) Cash Public Assistance Income Or Food Stamps/Snap In The Past 12 Months: In Family Households: In Female Householder No Spouse Present Family","Total:  In Nonfamily Households","Std. Error: Total","Std. Error: Total: Living In Household With Supplemental Security Income (Ssi) Cash Public Assistance Income Or Food Stamps/Snap In The Past 12 Months","Std. Error: Total: Living In Household With Supplemental Security Income (Ssi) Cash Public Assistance Income Or Food Stamps/Snap In The Past 12 Months: In Family Households","Std. Error: Total: Living In Household With Supplemental Security Income (Ssi) Cash Public Assistance Income Or Food Stamps/Snap In The Past 12 Months: In Family Households: In Married-Couple Family","Std. Error: Total: Living In Household With Supplemental Security Income (Ssi) Cash Public Assistance Income Or Food Stamps/Snap In The Past 12 Months: In Family Households: In Male Householder No Spouse Present Family","Std. Error: Total: Living In Household With Supplemental Security Income (Ssi) Cash Public Assistance Income Or Food Stamps/Snap In The Past 12 Months: In Family Households: In Female Householder No Spouse Present Family","Std. Error: Total:  In Nonfamily Households","Std. Error: Total: Living In Household With No Supplemental Security Income (Ssi) Cash Public Assistance Income Or Food Stamps/Snap In The Past 12 Months","Std. Error: Total: Living In Household With No Supplemental Security Income (Ssi) Cash Public Assistance Income Or Food Stamps/Snap In The Past 12 Months: In Family Households","Std. Error: Total: Living In Household With No Supplemental Security Income (Ssi) Cash Public Assistance Income Or Food Stamps/Snap In The Past 12 Months: In Family Households: In Married-Couple Family","Std. Error: Total: Living In Household With No Supplemental Security Income (Ssi) Cash Public Assistance Income Or Food Stamps/Snap In The Past 12 Months: In Family Households: In Male Householder No Spouse Present Family","Std. Error: Total: Living In Household With No Supplemental Security Income (Ssi) Cash Public Assistance Income Or Food Stamps/Snap In The Past 12 Months: In Family Households: In Female Householder No Spouse Present Family","Std. Error: Total:  In Nonfamily Households"
Geo_FIPS,Geo_QName,Geo_FILEID,Geo_STUSAB,Geo_SUMLEV,Geo_GEOCOMP,Geo_LOGRECNO,Geo_US,Geo_REGION,Geo_DIVISION,Geo_STATECE,Geo_STATE,Geo_COUNTY,Geo_COUSUB,Geo_PLACE,Geo_TRACT,Geo_BLKGRP,Geo_CONCIT,Geo_AIANHH,Geo_AIANHHFP,Geo_AIHHTLI,Geo_AITSCE,Geo_AITS,Geo_ANRC,Geo_CBSA,Geo_CSA,Geo_METDIV,Geo_MACC,Geo_MEMI,Geo_NECTA,Geo_CNECTA,Geo_NECTADIV,Geo_UA,Geo_UACP,Geo_CDCURR,Geo_SLDU,Geo_SLDL,Geo_VTD,Geo_ZCTA3,Geo_ZCTA5,Geo_SUBMCD,Geo_SDELM,Geo_SDSEC,Geo_SDUNI,Geo_UR,Geo_PCI,Geo_TAZ,Geo_UGA,Geo_PUMA5,Geo_PUMA1,Geo_GEOID,Geo_NAME,Geo_BTTR,Geo_BTBG,Geo_PLACESE,SE_A10001_001,SE_A20001_001,SE_A20001_002,SE_A20001_003,SE_A20001_004,SE_A20001_005,SE_A10045_001,SE_A13002_001,SE_A13002_002,SE_A13002_003,SE_A13002_004,SE_A13002_005,SE_A13002_006,SE_A13002_007,SE_A13002_008,SE_A13002_009,SE_A13002_010,SE_A13002_011,SE_A00002_001,SE_A00002_002,SE_A00002_003,SE_A14006_001,SE_B04001_001,SE_B04001_002,SE_B04001_003,SE_B04001_004,SE_B04001_005,SE_B04001_006,SE_B04001_007,SE_B04001_008,SE_B04001_009,SE_B04001_010,SE_A00001_001,ACS21_5yr_B09010001,ACS21_5yr_B09010002,ACS21_5yr_B09010003,ACS21_5yr_B09010004,ACS21_5yr_B09010005,ACS21_5yr_B09010006,ACS21_5yr_B09010007,ACS21_5yr_B09010008,ACS21_5yr_B09010009,ACS21_5yr_B09010010,ACS21_5yr_B09010011,ACS21_5yr_B09010012,ACS21_5yr_B09010013,ACS21_5yr_B09010001s,ACS21_5yr_B09010002s,ACS21_5yr_B09010003s,ACS21_5yr_B09010004s,ACS21_5yr_B09010005s,ACS21_5yr_B09010006s,ACS21_5yr_B09010007s,ACS21_5yr_B09010008s,ACS21_5yr_B09010009s,ACS21_5yr_B09010010s,ACS21_5yr_B09010011s,ACS21_5yr_B09010012s,ACS21_5yr_B09010013s
"06001","Alameda County, California","ACSSF","ca","050","00","0000013",,,,,"06","001",,,,,,,,,,,,,,,,,,,,,,,,,,,,,,,,,,,,,,"05000US06001","Alameda County",,,,617045,1664423,71358,1593065,506491,1240267,313410,385606,21336,5043,4261,2344,1516,828,9688,7578,2110,364270,1673133,2268.772,737.461875499037,112017,1673133,1298591,499730,166017,5248,524980,12699,8642,81275,374542,1673133,343104,59099,58801,31624,4238,22939,298,284005,282616,225600,17079,39937,1389,123.6364,1840,1835.151,1180,458.1818,1235.758,84.24242,1878.788,1895.151,1920,875.7576,1409.697,272.1212
"06003","Alpine County, California","ACSSF","ca","050","00","0000014",,,,,"06","003",,,,,,,,,,,,,,,,,,,,,,,,,,,,,,,,,,,,,,"05000US06003","Alpine County",,,,1626,1344,89,1255,706,801,355,286,18,0,8,3,2,1,7,6,1,268,1344,1.820299,738.340335167576,96000,1344,1147,730,8,354,10,0,0,45,197,1344,289,79,79,4,11,64,0,210,210,179,6,25,0,49.09091,25.45455,25.45455,3.030303,4.848485,25.45455,7.878788,49.09091,49.09091,49.09091,5.454545,10.30303,7.878788
"06005","Amador County, California","ACSSF","ca","050","00","0000015",,,,,"06","005",,,,,,,,,,,,,,,,,,,,,,,,,,,,,,,,,,,,,,"05000US06005","Amador County",,,,18708,36600,1728,34872,17817,25471,12075,9947,436,68,110,94,72,22,164,126,38,9511,40095,67.43369,594.584154057857,69955,40095,34129,30081,930,257,429,18,316,2098,5966,40095,5964,1172,1128,634,106,388,44,4792,4792,3559,539,694,0,56.36364,187.2727,187.2727,153.9394,42.42424,110.303,27.87879,192.1212,192.1212,240,172.7273,152.7273,16.9697
"06007","Butte County, California","ACSSF","ca","050","00","0000016",,,,,"06","007",,,,,,,,,,,,,,,,,,,,,,,,,,,,,,,,,,,,,,"05000US06007","Butte County",,,,95047,215576,13781,201795,101463,131746,49549,51149,5366,907,747,1005,416,589,2707,2305,402,45783,217884,133.1411,1636.48965786714,59863,217884,179902,153153,3897,1451,10617,517,299,9968,37982,217884,44177,11725,11578,5414,1072,5092,147,32452,32216,22836,2945,6435,236,38.78788,634.5455,623.0303,469.0909,227.8788,425.4546,75.15151,640.6061,625.4545,822.4243,361.2121,562.4243,81.81818
"06009","Calaveras County, California","ACSSF","ca","050","00","0000017",,,,,"06","009",,,,,,,,,,,,,,,,,,,,,,,,,,,,,,,,,,,,,,"05000US06009","Calaveras County",,,,27476,44928,2967,41961,22270,28259,13698,12307,1212,187,266,190,190,0,569,376,193,11095,45349,44.45897,1020.01913213498,70119,45349,39421,35925,439,284,1020,18,18,1717,5928,45349,7635,1628,1628,564,352,712,0,6007,5996,4501,376,1119,11,67.27273,297.5757,297.5757,212.7273,121.8182,227.8788,16.9697,289.0909,289.0909,307.8788,115.7576,198.1818,13.33333
"06011","Colusa County, California","ACSSF","ca","050","00","0000018",,,,,"06","011",,,,,,,,,,,,,,,,,,,,,,,,,,,,,,,,,,,,,,"05000US06011","Colusa County",,,,8085,21633,1826,19807,9749,12310,4497,4960,535,213,32,46,11,35,244,212,32,4425,21780,18.9274,1150.71297627634,61861,21780,8603,7398,293,140,144,31,18,579,13177,21780,5935,2515,2515,1679,115,721,0,3420,3420,2801,160,459,0,41.21212,219.3939,219.3939,232.7273,53.93939,153.9394,15.15152,228.4848,228.4848,225.4545,73.93939,118.7879,15.15152
"06013","Contra Costa County, California","ACSSF","ca","050","00","0000019",,,,,"06","013",,,,,,,,,,,,,,,,,,,,,,,,,,,,,,,,,,,,,,"05000US06013","Contra Costa County",,,,421239,1156734,54756,1101978,380377,862648,271379,291088,17046,4216,2695,1812,1322,490,8323,6810,1513,274042,1161643,1620.303,716.929394267464,110455,1161643,857322,483519,96256,2158,203875,5268,4956,61290,304321,1161643,263096,43947,43573,21276,3423,18874,374,219149,218375,174186,14299,29890,774,73.93939,1550.303,1547.273,1241.212,604.2424,1043.03,120,1555.151,1548.485,1863.636,1008.485,1109.697,161.2121
"06015","Del Norte County, California","ACSSF","ca","050","00","0000020",,,,,"06","015",,,,,,,,,,,,,,,,,,,,,,,,,,,,,,,,,,,,,,"05000US06015","Del Norte County",,,,11093,24975,1299,23676,14265,13467,6505,6225,734,274,59,161,152,9,240,200,40,5491,27655,27.48383,1006.22788368131,53280,27655,21992,16617,799,1683,810,43,401,1639,5663,27655,5973,2737,2684,1491,170,1023,53,3236,3209,2113,558,538,27,73.93939,284.8485,286.6667,221.8182,60.60606,239.3939,45.45454,260,259.394,278.7879,159.3939,145.4545,23.63636
"06017","El Dorado County, California","ACSSF","ca","050","00","0000021",,,,,"06","017",,,,,,,,,,,,,,,,,,,,,,,,,,,,,,,,,,,,,,"05000US06017","El Dorado County",,,,92999,189337,7768,181569,71366,144993,56792,51900,3062,922,944,144,144,0,1052,865,187,48838,190568,111.5835,1707.8503344417,88770,190568,165206,145363,1492,632,9145,280,381,7913,25362,190568,38003,5127,5068,2386,511,2171,59,32876,32770,27838,1679,3253,106,18.78788,458.7879,457.5757,255.1515,166.6667,341.8182,53.33333,459.394,463.6364,612.1212,240.6061,343.0303,56.36364
"06019","Fresno County, California","ACSSF","ca","050","00","0000022",,,,,"06","019",,,,,,,,,,,,,,,,,,,,,,,,,,,,,,,,,,,,,,"05000US06019","Fresno County",,,,336509,991272,72292,918980,487975,532046,170035,226632,36437,10568,4011,4337,3347,990,17521,15511,2010,190195,1003150,168.3594,5958.38273227521,61276,1003150,461806,279940,42525,4340,104266,1561,2945,26229,541344,1003150,285716,114019,113584,47923,12357,53304,435,171697,171031,123107,16926,30998,666,143.6364,2339.394,2326.061,1675.758,932.1212,1750.303,113.3333,2344.242,2350.303,2240,1009.091,1560.606,153.9394
"06021","Glenn County, California","ACSSF","ca","050","00","0000023",,,,,"06","021",,,,,,,,,,,,,,,,,,,,,,,,,,,,,,,,,,,,,,"05000US06021","Glenn County",,,,10890,28403,2851,25552,13450,15986,5936,7031,759,163,157,94,91,3,345,273,72,6272,28675,21.82322,1313.96760139429,56332,28675,16380,14365,117,348,996,36,42,476,12295,28675,7761,1944,1944,1330,310,304,0,5817,5817,4388,267,1162,0,41.21212,355.7576,355.7576,330.303,133.3333,113.3333,15.15152,349.0909,349.0909,306.6667,106.6667,228.4848,15.15152
"06023","Humboldt County, California","ACSSF","ca","050","00","0000024",,,,,"06","023",,,,,,,,,,,,,,,,,,,,,,,,,,,,,,,,,,,,,,"05000US06023","Humboldt County",,,,62137,136067,10454,125613,68952,77682,30931,29166,3231,639,512,643,533,110,1437,1131,306,25935,137014,38.39876,3568.1884178614,53350,137014,120137,98786,1488,5192,4194,384,658,9435,16877,137014,26167,7416,7356,3780,1039,2537,60,18751,18583,12620,2655,3308,168,46.06061,567.2727,561.8182,498.7879,211.5152,378.1818,32.12121,572.1212,586.0606,684.2424,391.5151,378.1818,64.84849
"06025","Imperial County, California","ACSSF","ca","050","00","0000025",,,,,"06","025",,,,,,,,,,,,,,,,,,,,,,,,,,,,,,,,,,,,,,"05000US06025","Imperial County",,,,56636,170069,11227,158842,95255,76072,26392,33806,6071,1302,771,535,392,143,3463,2691,772,27735,180051,43.12043,4175.53867894369,49078,180051,26833,17510,4447,1283,2232,102,146,1113,153218,180051,51822,23231,23060,10035,1667,11358,171,28591,28577,21626,2070,4881,14,27.27273,1245.455,1234.545,1167.879,344.2424,952.7273,88.48485,1244.242,1247.273,1163.636,378.7879,605.4545,15.75758
"06027","Inyo County, California","ACSSF","ca","050","00","0000026",,,,,"06","027",,,,,,,,,,,,,,,,,,,,,,,,,,,,,,,,,,,,,,"05000US06027","Inyo County",,,,9457,18458,1306,17152,8195,12113,5043,4394,329,36,138,7,7,0,148,93,55,4065,18804,1.844025,10197.2606514007,60925,18804,14352,11253,72,1756,286,23,39,923,4452,18804,3996,521,521,212,35,274,0,3475,3475,2555,110,810,0,35.75758,113.3333,113.3333,76.9697,18.78788,77.57576,12.72727,113.9394,113.9394,178.7879,35.15152,157.5758,12.72727
"06029","Kern County, California","ACSSF","ca","050","00","0000027",,,,,"06","029",,,,,,,,,,,,,,,,,,,,,,,,,,,,,,,,,,,,,,"05000US06029","Kern County",,,,299810,877629,70413,807216,427621,451740,162816,203732,31709,7901,4109,3845,2675,1170,15854,13586,2268,172023,905644,111.3317,8134.64466399072,58824,905644,409902,291410,45929,3998,42216,1065,2994,22290,495742,905644,262574,89179,88086,38307,8473,41306,1093,173395,172552,126296,16528,29728,843,75.15151,2214.545,2233.333,1841.212,802.4243,1836.97,357.5757,2207.273,2253.939,2375.758,971.5151,1667.879,201.2121
"06031","Kings County, California","ACSSF","ca","050","00","0000028",,,,,"06","031",,,,,,,,,,,,,,,,,,,,,,,,,,,,,,,,,,,,,,"05000US06031","Kings County",,,,46145,134483,10268,124215,62569,74014,23610,33975,4672,1338,382,459,428,31,2493,2090,403,29303,151887,109.1948,1390.97246164847,63267,151887,67518,46860,9188,1228,5687,256,233,4066,84369,151887,41327,12482,12435,4789,1561,6085,47,28845,28828,21790,2144,4894,17,28.48485,731.5151,735.1515,460,341.2121,537.5757,27.87879,725.4545,727.8788,786.6667,326.6667,504.2424,11.51515
"06033","Lake County, California","ACSSF","ca","050","00","0000029",,,,,"06","033",,,,,,,,,,,,,,,,,,,,,,,,,,,,,,,,,,,,,,"05000US06033","Lake County",,,,34309,67036,4486,62550,40729,33717,18174,16033,1862,192,332,474,392,82,864,740,124,14171,67749,53.91662,1256.55127977427,53399,67749,52699,45945,1530,1768,922,157,166,2211,15050,67749,14458,4551,4551,1578,1073,1900,0,9907,9869,7115,846,1908,38,33.33333,516.9697,516.9697,321.8182,290.9091,287.8788,18.78788,516.3636,516.9697,512.7273,187.2727,356.3636,21.21212
"06035","Lassen County, California","ACSSF","ca","050","00","0000030",,,,,"06","035",,,,,,,,,,,,,,,,,,,,,,,,,,,,,,,,,,,,,,"05000US06035","Lassen County",,,,12273,23240,1340,21900,10248,15501,6236,6178,640,86,173,109,75,34,272,196,76,5538,32949,7.255301,4541.3689206282,59292,32949,26455,21139,2748,750,513,250,137,918,6494,32949,5385,1194,1168,465,140,563,26,4191,4163,3006,275,882,28,120.6061,157.5758,155.7576,113.9394,49.09091,125.4545,23.0303,178.1818,178.1818,209.697,83.63636,158.1818,23.0303
"06037","Los Angeles County, California","ACSSF","ca","050","00","0000031",,,,,"06","037",,,,,,,,,,,,,,,,,,,,,,,,,,,,,,,,,,,,,,"05000US06037","Los Angeles County",,,,3578801,9948747,904431,9044316,3889809,5857407,1545929,2216821,226414,60989,36486,28196,19783,8413,100743,80627,20116,1990407,10019635,2468.323,4059.28844149085,76367,10019635,5141016,2550832,766190,19571,1458140,21433,43451,281399,4878619,10019635,2164145,555987,553103,252741,64491,235871,2884,1608158,1599922,1151685,150820,297417,8236,281.8182,5175.151,5130.909,3795.758,1956.97,3857.576,307.2727,5235.151,5175.151,5358.182,2326.667,3701.818,638.7879
"06039","Madera County, California","ACSSF","ca","050","00","0000032",,,,,"06","039",,,,,,,,,,,,,,,,,,,,,,,,,,,,,,,,,,,,,,"05000US06039","Madera County",,,,49512,148194,12145,136049,77924,78922,28842,34345,5019,2091,512,646,557,89,1770,1604,166,29326,156304,73.1446,2136.91781120221,66709,156304,63904,50655,4395,1366,3354,111,457,3566,92400,156304,43101,17832,17721,9534,2404,5783,111,25269,25035,19302,1947,3786,234,46.66667,987.2727,1001.818,795.1515,464.2424,683.0303,84.84849,991.5151,996.3636,1035.151,350.9091,503.0303,112.1212
"06041","Marin County, California","ACSSF","ca","050","00","0000033",,,,,"06","041",,,,,,,,,,,,,,,,,,,,,,,,,,,,,,,,,,,,,,"05000US06041","Marin County",,,,111570,258462,9030,249432,86047,204414,66143,65764,2471,444,604,188,136,52,1235,902,333,63293,262387,504.1801,520.42318033906,131008,262387,219344,182830,5508,274,15693,423,2596,12020,43043,262387,52291,5323,5241,2563,344,2334,82,46968,46745,37598,3136,6011,223,72.72727,617.5757,618.7879,439.394,128.4848,396.9697,47.87879,621.8182,632.7273,770.9091,360.606,396.9697,66.06061
"06043","Mariposa County, California","ACSSF","ca","050","00","0000034",,,,,"06","043",,,,,,,,,,,,,,,,,,,,,,,,,,,,,,,,,,,,,,"05000US06043","Mariposa County",,,,9832,17070,1107,15963,9108,10161,5429,4457,345,39,83,65,65,0,158,137,21,4112,17225,11.88883,1448.83950350349,53304,17225,15088,13415,142,435,178,50,138,730,2137,17225,2893,982,982,331,187,464,0,1911,1874,1265,135,474,37,5.454545,163.0303,163.0303,89.09091,86.66666,133.3333,12.72727,163.0303,170.303,170.9091,49.09091,109.697,31.51515
"06045","Mendocino County, California","ACSSF","ca","050","00","0000035",,,,,"06","045",,,,,,,,,,,,,,,,,,,,,,,,,,,,,,,,,,,,,,"05000US06045","Mendocino County",,,,41276,90658,8803,81855,50138,44664,20603,20772,2390,389,410,365,278,87,1226,1061,165,18382,91534,26.10168,3506.8240439724,56378,91534,67466,58074,554,2779,1969,124,490,3476,24068,91534,19472,4818,4818,1729,450,2639,0,14654,14477,9946,1486,3045,177,89.69697,452.1212,452.1212,244.2424,160,419.394,18.78788,459.394,451.5151,506.0606,242.4242,375.7576,66.06061
"06047","Merced County, California","ACSSF","ca","050","00","0000036",,,,,"06","047",,,,,,,,,,,,,,,,,,,,,,,,,,,,,,,,,,,,,,"05000US06047","Merced County",,,,86767,276304,24212,252092,139322,136968,42146,61928,10093,2457,1304,862,579,283,5470,4866,604,51835,279150,144.0399,1938.00409886069,58861,279150,108420,72416,7405,893,20418,749,514,6025,170730,279150,82353,31014,30772,12623,2698,15451,242,51339,51073,37695,5385,7993,266,78.78788,1071.515,1076.97,818.7879,440,835.7576,89.69697,1073.333,1088.485,1195.758,492.7273,686.6667,110.303
"06049","Modoc County, California","ACSSF","ca","050","00","0000037",,,,,"06","049",,,,,,,,,,,,,,,,,,,,,,,,,,,,,,,,,,,,,,"05000US06049","Modoc County",,,,4809,8518,1022,7496,4562,4091,2543,2216,258,95,64,29,21,8,70,56,14,1958,8723,2.209342,3948.23374316792,51090,8723,7401,6686,172,297,67,0,0,179,1322,8723,1692,450,450,160,47,243,0,1242,1216,1060,100,56,26,18.18182,83.0303,83.0303,78.78788,21.81818,75.75758,11.51515,80.60606,83.0303,101.8182,50.30303,25.45455,22.42424
"06051","Mono County, California","ACSSF","ca","050","00","0000038",,,,,"06","051",,,,,,,,,,,,,,,,,,,,,,,,,,,,,,,,,,,,,,"05000US06051","Mono County",,,,13616,13075,1640,11435,3995,9109,3525,3236,253,11,117,107,104,3,18,16,2,2983,13291,4.359272,3048.90394858972,71138,13291,9663,8518,3,103,608,0,147,284,3628,13291,2647,547,547,205,319,23,0,2100,2100,1663,18,419,0,98.78788,184.2424,184.2424,131.5152,155.7576,16.9697,12.72727,219.3939,219.3939,264.2424,17.57576,184.2424,12.72727
"06053","Monterey County, California","ACSSF","ca","050","00","0000039",,,,,"06","053",,,,,,,,,,,,,,,,,,,,,,,,,,,,,,,,,,,,,,"05000US06053","Monterey County",,,,143094,423270,42096,381174,180101,242137,67182,94839,8407,2432,1153,1049,703,346,3773,3449,324,86432,438953,133.7569,3281.7228929246,82013,438953,176992,126356,10124,686,24534,1794,1020,12478,261961,438953,115262,22753,22230,11270,2377,8583,523,92509,92104,67064,8099,16941,405,55.15152,1188.485,1173.333,995.1515,389.0909,858.1818,157.5758,1195.151,1213.939,1279.394,533.3333,956.9697,139.3939
"06055","Napa County, California","ACSSF","ca","050","00","0000040",,,,,"06","055",,,,,,,,,,,,,,,,,,,,,,,,,,,,,,,,,,,,,,"05000US06055","Napa County",,,,55446,137195,8180,129015,48270,100354,31942,33449,1715,406,518,198,198,0,593,454,139,31734,138795,185.4857,748.278765770343,97498,138795,90597,70719,2750,327,10661,296,532,5312,48198,138795,28350,4355,4355,2108,449,1798,0,23995,23774,18423,2104,3247,221,69.69697,413.3333,413.3333,249.0909,156.3636,336.3636,18.78788,421.8182,433.3333,481.2121,275.1515,348.4849,121.8182
"06057","Nevada County, California","ACSSF","ca","050","00","0000041",,,,,"06","057",,,,,,,,,,,,,,,,,,,,,,,,,,,,,,,,,,,,,,"05000US06057","Nevada County",,,,53442,101025,5534,95491,47056,67671,30805,25966,1540,197,523,248,194,54,572,532,40,24426,102090,106.5925,957.760137884809,74617,102090,92098,85552,381,373,1161,148,219,4264,9992,102090,17514,1964,1964,759,376,829,0,15550,15331,11090,994,3247,219,66.66666,249.697,249.697,165.4545,134.5455,213.9394,18.78788,252.7273,261.2121,460.606,205.4545,402.4243,78.78788
"06059","Orange County, California","ACSSF","ca","050","00","0000042",,,,,"06","059",,,,,,,,,,,,,,,,,,,,,,,,,,,,,,,,,,,,,,"05000US06059","Orange County",,,,1121753,3166303,224932,2941371,1043643,2170832,602440,752397,52548,15136,10843,5668,3384,2284,20901,15783,5118,699849,3182923,4014.525,792.851735220395,100485,3182923,2099830,1242725,50161,4423,672015,8073,9744,112689,1083093,3182923,697963,120661,120073,71322,11371,37380,588,577302,574340,453356,38226,82758,2962,170.303,2169.697,2170.909,2233.939,988.4849,1389.091,133.9394,2156.364,2166.061,2920,1455.151,2043.636,340
"06061","Placer County, California","ACSSF","ca","050","00","0000043",,,,,"06","061",,,,,,,,,,,,,,,,,,,,,,,,,,,,,,,,,,,,,,"05000US06061","Placer County",,,,170324,397640,13594,384046,128847,319515,109856,106631,5071,1259,1464,565,381,184,1783,1410,373,101560,400330,284.5099,1407.08640194472,99734,400330,341695,281400,6197,1198,33652,531,1413,17304,58635,400330,89355,9386,9328,5236,689,3403,58,79969,79676,66218,4968,8490,293,29.09091,659.3939,660.6061,446.6667,184.2424,420.606,33.33333,656.9697,652.7273,784.8485,439.394,490.303,97.57576
"06063","Plumas County, California","ACSSF","ca","050","00","0000044",,,,,"06","063",,,,,,,,,,,,,,,,,,,,,,,,,,,,,,,,,,,,,,"05000US06063","Plumas County",,,,15422,19484,861,18623,10140,12946,5951,5197,365,58,73,69,22,47,165,148,17,4832,19631,7.689198,2553.06226901437,57885,19631,17742,16214,299,235,126,27,0,841,1889,19631,3420,854,854,181,77,596,0,2566,2539,1754,463,322,27,3.030303,176.9697,176.9697,76.36364,42.42424,155.7576,12.72727,176.3636,178.1818,184.2424,143.0303,109.697,26.06061
"06065","Riverside County, California","ACSSF","ca","050","00","0000045",,,,,"06","065",,,,,,,,,,,,,,,,,,,,,,,,,,,,,,,,,,,,,,"05000US06065","Riverside County",,,,844425,2385433,197139,2188294,982854,1420564,504469,547202,49607,13706,9262,5181,3654,1527,21458,18146,3312,497595,2409331,334.199,7209.27094951791,76066,2409331,1198146,800972,146145,8563,158546,6302,7083,70535,1211185,2409331,605457,140536,139749,74966,12320,52463,787,464921,463061,349274,37602,76185,1860,147.8788,2568.485,2598.788,2198.788,967.8788,1636.364,175.1515,2550.909,2538.182,3060.606,1630.909,2068.485,314.5454
"06067","Sacramento County, California","ACSSF","ca","050","00","0000046",,,,,"06","067",,,,,,,,,,,,,,,,,,,,,,,,,,,,,,,,,,,,,,"05000US06067","Sacramento County",,,,583858,1556945,84824,1472121,627263,1031300,323018,370480,35387,11032,4577,4073,3199,874,15705,12644,3061,335093,1571767,1628.313,965.273130222997,76422,1571767,1197035,674153,145916,4057,261202,17387,5925,88395,374732,1571767,371775,110115,109428,57042,10471,41915,687,261660,259781,189335,24043,46403,1879,144.8485,2109.697,2136.364,1773.333,866.6667,1729.697,152.7273,2100,2188.485,2146.061,1278.788,1439.394,271.5151
"06069","San Benito County, California","ACSSF","ca","050","00","0000047",,,,,"06","069",,,,,,,,,,,,,,,,,,,,,,,,,,,,,,,,,,,,,,"05000US06069","San Benito County",,,,19961,63202,4056,59146,22980,43089,12944,15216,905,239,148,82,69,13,436,411,25,14311,63329,45.60467,1388.65164780686,95606,63329,24785,20477,555,192,1775,103,48,1635,38544,63329,16429,3827,3827,2007,240,1580,0,12602,12594,9932,1088,1574,8,26.66667,378.7879,378.7879,343.6364,94.54546,294.5454,18.78788,384.8485,386.0606,463.0303,223.0303,302.4243,6.060606
"06071","San Bernardino County, California","ACSSF","ca","050","00","0000048",,,,,"06","071",,,,,,,,,,,,,,,,,,,,,,,,,,,,,,,,,,,,,,"05000US06071","San Bernardino County",,,,728674,2124531,179898,1944633,897621,1203899,394249,497496,56022,14187,7994,6428,4426,2002,27413,23270,4143,441474,2171071,108.1852,20068.0954753458,70287,2171071,986116,577078,165480,6871,158022,6285,6016,66364,1184955,2171071,573184,180448,178643,81736,18288,78619,1805,392736,391129,286568,34832,69729,1607,104.2424,2891.515,2927.273,2530.303,1252.121,2443.636,336.3636,2885.455,2813.939,2898.788,1471.515,2133.333,373.3333
"06073","San Diego County, California","ACSSF","ca","050","00","0000049",,,,,"06","073",,,,,,,,,,,,,,,,,,,,,,,,,,,,,,,,,,,,,,"05000US06073","San Diego County",,,,1221613,3188059,237716,2950343,1070297,2213439,616193,762694,54821,15139,9289,5256,3266,1990,25137,19671,5466,707873,3296317,782.9254,4210.25718420317,88240,3296317,2164862,1455172,151278,10436,385244,12533,11245,138954,1131455,3296317,711723,135194,134049,72005,10763,51281,1145,576529,574216,437805,41063,95348,2313,214.5455,2926.061,2877.576,2084.242,803.0303,1864.849,321.2121,2942.424,2909.697,3286.667,1457.576,2213.939,300
"06075","San Francisco County, California","ACSSF","ca","050","00","0000050",,,,,"06","075",,,,,,,,,,,,,,,,,,,,,,,,,,,,,,,,,,,,,,"05000US06075","San Francisco County",,,,404720,861934,31130,830804,254282,656751,138048,170465,9586,1669,2463,887,420,467,4567,3439,1128,160879,865933,18457.82,46.9141509535952,126187,865933,732692,339050,42642,1675,295385,2847,5573,45520,133241,865933,117635,18902,18624,8977,1497,8150,278,98733,97761,77627,5330,14804,972,106.0606,911.5151,911.5151,690.9091,286.6667,601.8182,133.9394,888.4849,935.1515,1103.03,473.3333,824.2424,266.0606
"06077","San Joaquin County, California","ACSSF","ca","050","00","0000051",,,,,"06","077",,,,,,,,,,,,,,,,,,,,,,,,,,,,,,,,,,,,,,"05000US06077","San Joaquin County",,,,249018,760179,48480,711699,326487,458444,138735,176001,18516,5208,2418,2165,1613,552,8725,7559,1166,157485,771406,554.0236,1392.37038627206,74962,771406,445221,228197,51696,1604,124282,4320,1963,33159,326185,771406,208783,70759,70206,38075,7087,25044,553,138024,137446,102336,12321,22789,578,187.2727,1889.091,1892.121,1590.909,716.3636,1134.545,155.1515,1889.697,1888.485,1955.758,950.303,1246.061,172.7273
"06079","San Luis Obispo County, California","ACSSF","ca","050","00","0000052",,,,,"06","079",,,,,,,,,,,,,,,,,,,,,,,,,,,,,,,,,,,,,,"05000US06079","San Luis Obispo County",,,,123033,276411,16399,260012,101380,203153,66651,67765,4094,755,1034,560,284,276,1745,1414,331,63671,282771,85.66597,3300.85576921592,82514,282771,217183,190421,3874,862,9620,231,1092,11083,65588,282771,50026,7283,7257,3939,702,2616,26,42743,42529,32188,3150,7191,214,81.21212,666.0606,666.0606,513.9394,208.4848,379.394,21.21212,663.0303,664.8485,798.1818,437.5757,607.2727,80.60606
"06081","San Mateo County, California","ACSSF","ca","050","00","0000053",,,,,"06","081",,,,,,,,,,,,,,,,,,,,,,,,,,,,,,,,,,,,,,"05000US06081","San Mateo County",,,,282570,758811,28663,730148,208417,608608,158281,184935,7092,1765,1871,818,381,437,2638,1986,652,177843,762488,1699.628,448.620629902532,136837,762488,578518,287872,16751,1035,225352,9134,4642,33732,183970,762488,155538,15548,15458,9148,1085,5225,90,139990,139220,114112,7229,17879,770,44.84848,872.7273,872.1212,710.9091,264.8485,474.5454,54.54546,867.8788,881.8182,1084.242,542.4243,895.1515,169.0909
"06083","Santa Barbara County, California","ACSSF","ca","050","00","0000054",,,,,"06","083",,,,,,,,,,,,,,,,,,,,,,,,,,,,,,,,,,,,,,"05000US06083","Santa Barbara County",,,,157809,440204,44617,395587,170819,276523,77563,96595,7192,1438,1114,1018,829,189,3622,3217,405,89403,447651,163.7387,2733.93550858151,84356,447651,240097,192603,7850,1538,23711,416,1396,12583,207554,447651,99992,21849,21691,9015,3319,9357,158,78143,77508,55176,8678,13654,635,101.2121,1133.333,1132.727,780,553.3333,720.6061,78.18182,1141.818,1163.03,1502.424,653.3333,944.2424,143.0303
"06085","Santa Clara County, California","ACSSF","ca","050","00","0000055",,,,,"06","085",,,,,,,,,,,,,,,,,,,,,,,,,,,,,,,,,,,,,,"05000US06085","Santa Clara County",,,,683510,1921882,79687,1842195,507266,1494816,363104,460297,18560,4555,4481,1550,881,669,7974,6041,1933,441737,1932022,1496.434,1291.08425830544,140258,1932022,1446930,576892,44951,3057,732915,6035,7030,76050,485092,1932022,421393,49920,49515,27348,3764,18403,405,371473,369858,302437,23715,43706,1615,104.8485,1872.121,1875.151,1380.606,407.2727,1069.091,157.5758,1883.03,1867.879,2158.788,1107.273,1665.455,232.7273
"06087","Santa Cruz County, California","ACSSF","ca","050","00","0000056",,,,,"06","087",,,,,,,,,,,,,,,,,,,,,,,,,,,,,,,,,,,,,,"05000US06087","Santa Cruz County",,,,106110,270860,14751,256109,95998,193826,58321,61187,3595,849,700,583,382,201,1463,1074,389,57592,272138,611.3981,445.107680807788,96093,272138,179497,152771,2269,209,12883,334,1133,9898,92641,272138,51694,12624,12573,6990,1109,4474,51,39070,38684,29408,3712,5564,386,130.9091,678.7879,684.2424,633.3333,312.7273,545.4545,30.30303,704.2424,702.4243,836.3636,412.7273,583.0303,105.4545
"06089","Shasta County, California","ACSSF","ca","050","00","0000057",,,,,"06","089",,,,,,,,,,,,,,,,,,,,,,,,,,,,,,,,,,,,,,"05000US06089","Shasta County",,,,79490,180402,12299,168103,86063,110283,46028,46675,4180,785,816,590,421,169,1989,1673,316,42495,181935,48.18748,3775.5659840895,61937,181935,162405,141948,2026,3456,5944,199,373,8459,19530,181935,39458,10025,9936,4609,1406,3921,89,29433,28936,21004,2970,4962,497,29.09091,707.8788,702.4243,526.6667,266.6667,469.0909,40.60606,707.2727,723.6364,672.7273,305.4546,449.0909,166.6667
"06091","Sierra County, California","ACSSF","ca","050","00","0000058",,,,,"06","091",,,,,,,,,,,,,,,,,,,,,,,,,,,,,,,,,,,,,,"05000US06091","Sierra County",,,,2099,3052,474,2578,1182,1868,908,728,23,0,0,9,9,0,14,8,6,705,3079,3.230279,953.168326648618,56152,3079,2734,2692,2,28,0,0,0,12,345,3079,475,12,12,0,0,12,0,463,463,286,129,48,0,49.09091,13.93939,13.93939,7.878788,7.878788,13.93939,7.878788,50.30303,50.30303,64.24242,43.63636,35.15152,7.878788
"06093","Siskiyou County, California","ACSSF","ca","050","00","0000059",,,,,"06","093",,,,,,,,,,,,,,,,,,,,,,,,,,,,,,,,,,,,,,"05000US06093","Siskiyou County",,,,23041,44014,2869,41145,25327,23732,12434,10986,1088,173,306,85,65,20,524,440,84,9898,44151,7.031794,6278.76772247593,49857,44151,38281,33042,731,1297,642,151,48,2370,5870,44151,8956,2813,2744,909,333,1502,69,6143,6109,4730,536,843,34,15.75758,296.3636,296.3636,186.6667,72.12122,212.1212,66.66666,295.1515,299.394,246.0606,114.5455,172.7273,22.42424
"06095","Solano County, California","ACSSF","ca","050","00","0000060",,,,,"06","095",,,,,,,,,,,,,,,,,,,,,,,,,,,,,,,,,,,,,,"05000US06095","Solano County",,,,161341,438421,20892,417529,155752,323988,96040,109007,6768,1323,1343,807,730,77,3295,2843,452,102239,451432,549.3015,821.829191486602,89648,451432,327314,163975,59348,1507,68641,3780,2767,27296,124118,451432,100373,20388,20130,8838,2392,8900,258,79985,79459,57786,7032,14641,526,45.45454,1029.091,1033.333,717.5757,403.0303,719.3939,116.9697,1036.364,1057.576,1100,485.4546,809.0909,147.8788
"06097","Sonoma County, California","ACSSF","ca","050","00","0000061",,,,,"06","097",,,,,,,,,,,,,,,,,,,,,,,,,,,,,,,,,,,,,,"05000US06097","Sonoma County",,,,205136,488524,28827,459697,177064,354177,115955,120317,6108,1551,986,997,842,155,2574,2011,563,114209,492498,312.572,1575.63076276801,91607,492498,356815,303803,7190,1880,21034,1381,2263,19264,135683,492498,96302,13216,13116,6533,1724,4859,100,83086,82099,59849,9076,13174,987,101.8182,790.303,786.6667,609.697,276.3636,517.5757,50.30303,804.2424,802.4243,1279.394,824.2424,876.9697,181.8182
"06099","Stanislaus County, California","ACSSF","ca","050","00","0000062",,,,,"06","099",,,,,,,,,,,,,,,,,,,,,,,,,,,,,,,,,,,,,,"05000US06099","Stanislaus County",,,,182606,547970,33169,514801,245209,319799,104220,130428,13882,4458,1815,1347,896,451,6262,5232,1030,116546,550842,368.2056,1496.01745799594,68368,550842,286822,218243,15496,2334,30953,2974,1518,15304,264020,550842,149988,43043,42615,22437,4003,16175,428,106945,106521,79076,9973,17472,424,57.57576,1458.788,1485.455,1327.879,522.4243,867.8788,165.4545,1463.03,1478.788,1776.364,949.697,1184.849,134.5455
"06101","Sutter County, California","ACSSF","ca","050","00","0000063",,,,,"06","101",,,,,,,,,,,,,,,,,,,,,,,,,,,,,,,,,,,,,,"05000US06101","Sutter County",,,,34458,97630,6442,91188,44311,58524,19580,23430,2476,762,340,262,194,68,1112,922,190,20954,99080,164.3946,602.696031024082,67003,99080,67426,43722,1730,819,15902,358,609,4286,31654,99080,25763,8038,7959,4349,1133,2477,79,17725,17714,12953,1834,2927,11,10.90909,556.3636,555.1515,460.606,238.1818,363.0303,44.84848,555.7576,555.1515,531.5151,287.2727,411.5151,16.36364
"06103","Tehama County, California","ACSSF","ca","050","00","0000064",,,,,"06","103",,,,,,,,,,,,,,,,,,,,,,,,,,,,,,,,,,,,,,"05000US06103","Tehama County",,,,27347,64816,4212,60604,34675,35696,16496,16593,2096,527,283,193,142,51,1093,926,167,14497,65345,22.15733,2949.13702457309,52901,65345,48163,43386,511,731,1166,47,87,2235,17182,65345,15724,4617,4581,2418,285,1878,36,11107,10980,7606,1345,2029,127,10.90909,476.3636,476.9697,420,92.72727,336.3636,31.51515,477.5757,490.303,569.697,309.697,342.4243,72.12122
"06105","Trinity County, California","ACSSF","ca","050","00","0000065",,,,,"06","105",,,,,,,,,,,,,,,,,,,,,,,,,,,,,,,,,,,,,,"05000US06105","Trinity County",,,,8233,15639,1636,14003,8989,7884,3862,2829,365,50,63,20,9,11,232,216,16,2464,15818,4.975359,3179.26765992738,42206,15818,14624,12595,88,487,339,29,583,503,1194,15818,2568,634,634,158,160,316,0,1934,1934,969,612,353,0,90.30303,144.8485,144.8485,96.9697,56.9697,91.51515,12.72727,165.4545,165.4545,161.2121,205.4545,141.8182,12.72727
"06107","Tulare County, California","ACSSF","ca","050","00","0000066",,,,,"06","107",,,,,,,,,,,,,,,,,,,,,,,,,,,,,,,,,,,,,,"05000US06107","Tulare County",,,,149859,466519,35797,430722,255883,211461,80125,108873,17845,5608,2475,2109,1416,693,7653,6696,957,91028,470999,97.63866,4823.89894624994,57394,470999,161262,127123,6344,2306,16364,550,1299,7276,309737,470999,144899,63101,62962,30861,7047,25054,139,81798,81631,58869,8623,14139,167,49.69697,1452.121,1456.364,1449.697,801.8182,1305.455,62.42424,1448.485,1453.333,1487.879,954.5455,1153.939,60
"06109","Tuolumne County, California","ACSSF","ca","050","00","0000067",,,,,"06","109",,,,,,,,,,,,,,,,,,,,,,,,,,,,,,,,,,,,,,"05000US06109","Tuolumne County",,,,31413,52203,3392,48811,23858,34870,17262,13932,797,70,314,51,40,11,362,255,107,13135,55243,24.87403,2220.91110846846,66846,55243,48111,43713,934,597,774,133,304,1656,7132,55243,9380,1630,1525,602,180,743,105,7750,7603,6020,785,798,147,83.63636,285.4546,285.4546,156.9697,83.63636,181.8182,54.54546,298.1818,313.9394,308.4849,204.2424,183.0303,95.75758
"06111","Ventura County, California","ACSSF","ca","050","00","0000068",,,,,"06","111",,,,,,,,,,,,,,,,,,,,,,,,,,,,,,,,,,,,,,"05000US06111","Ventura County",,,,292220,837574,70005,767569,292302,561560,174394,197316,12278,3217,2260,1262,905,357,5539,4307,1232,185038,845255,459.1808,1840.78927933257,94150,845255,479044,373110,14147,1600,59820,1420,2171,26776,366211,845255,192930,38456,37995,19495,4568,13932,461,154474,153531,119346,10760,23425,943,88.48485,1067.879,1085.455,920.6061,608.4849,884.2424,233.9394,1061.818,1091.515,1698.182,720.6061,1213.333,190.9091
"06113","Yolo County, California","ACSSF","ca","050","00","0000069",,,,,"06","113",,,,,,,,,,,,,,,,,,,,,,,,,,,,,,,,,,,,,,"05000US06113","Yolo County",,,,79695,215272,9611,205661,69277,158545,39042,48083,3529,897,840,211,149,62,1581,1331,250,44554,216703,213.5567,1014.73285590512,78386,216703,147125,97877,5053,800,31062,944,596,10793,69578,216703,45110,11273,11273,7283,494,3496,0,33837,33536,25299,2699,5538,301,110.303,810.303,810.303,763.6364,145.4545,498.7879,18.78788,801.8182,818.7879,793.9394,322.4243,581.8182,96.36364
"06115","Yuba County, California","ACSSF","ca","050","00","0000070",,,,,"06","115",,,,,,,,,,,,,,,,,,,,,,,,,,,,,,,,,,,,,,"05000US06115","Yuba County",,,,29152,77738,5496,72242,36999,44768,16556,18783,2222,600,173,266,238,28,1183,862,321,16561,80404,127.2203,632.005942884677,62666,80404,56707,42294,2721,570,5590,332,220,4980,23697,80404,22268,6291,6249,3114,953,2182,42,15977,15892,11375,1593,2924,85,23.63636,575.7576,576.3636,400,230.303,335.1515,20.60606,570.303,570.9091,533.9394,282.4243,431.5151,50.30303
